{"0":{"2":{"2":1186.0465116279072,"3":1549.0196078431372,"4":705.8823529411765,"5":720.9302325581394,"11":348.8372093023256,"12":348.8372093023256,"13":431.37254901960785,"14":980.3921568627451,"15":581.3953488372093,"16":1745.0980392156862,"17":1333.3333333333333,"18":1725.4901960784314,"19":1980.3921568627452,"20":1588.235294117647,"21":1627.906976744186,"22":1392.156862745098,"23":1470.5882352941178,"24":1254.9019607843138,"25":1509.8039215686274,"26":1549.0196078431372,"27":720.9302325581394,"28":886.7924528301887,"31":1549.0196078431372,"32":705.8823529411765,"33":488.3720930232558,"34":465.1162790697674,"35":418.60465116279073,"36":372.09302325581393,"37":488.3720930232558,"38":372.09302325581393,"39":418.60465116279073,"40":921.5686274509803,"41":921.5686274509803,"42":1000,"43":1176.4705882352941,"65":674.4186046511628,"66":882.3529411764706,"67":953.4883720930233,"68":1511.6279069767443,"69":1176.4705882352941,"70":1176.4705882352941,"77":1176.4705882352941,"78":906.9767441860464,"79":1666.6666666666667},"3":{"3":886.7924528301887,"4":705.8823529411765,"6":720.9302325581394,"7":883.7209302325582,"8":1534.8837209302326,"9":1843.1372549019607,"10":1150.943396226415,"11":348.8372093023256,"12":348.8372093023256,"13":431.37254901960785,"14":980.3921568627451,"34":465.1162790697674,"35":418.60465116279073,"36":372.09302325581393,"37":488.3720930232558,"38":372.09302325581393,"39":418.60465116279073},"4":{"2":1186.0465116279072,"3":1549.0196078431372,"4":705.8823529411765,"5":720.9302325581394,"11":348.8372093023256,"12":348.8372093023256,"13":431.37254901960785,"14":980.3921568627451,"26":1549.0196078431372,"27":720.9302325581394,"28":1000,"34":465.1162790697674,"35":418.60465116279073,"36":372.09302325581393,"37":488.3720930232558,"38":372.09302325581393,"39":418.60465116279073,"79":1666.6666666666667},"5":{"3":1000,"4":705.8823529411765,"6":720.9302325581394,"7":686.2745098039215,"8":1156.8627450980393,"9":1627.450980392157,"10":1254.9019607843138,"11":348.8372093023256,"12":348.8372093023256,"13":431.37254901960785,"14":980.3921568627451,"34":465.1162790697674,"35":418.60465116279073,"36":372.09302325581393,"37":488.3720930232558,"38":372.09302325581393,"39":418.60465116279073,"44":686.2745098039215,"45":1450.9803921568628,"46":906.9767441860464,"47":686.2745098039215,"48":1450.9803921568628,"49":906.9767441860464,"62":1176.4705882352941,"71":686.2745098039215,"72":1450.9803921568628,"83":1232.5581395348836},"6":{"2":1186.0465116279072,"3":1549.0196078431372,"4":705.8823529411765,"5":720.9302325581394,"11":348.8372093023256,"12":348.8372093023256,"13":431.37254901960785,"14":980.3921568627451,"26":1549.0196078431372,"27":720.9302325581394,"28":1000,"34":465.1162790697674,"35":418.60465116279073,"36":372.09302325581393,"37":488.3720930232558,"38":372.09302325581393,"39":418.60465116279073,"79":1666.6666666666667},"7":{"3":1000,"4":705.8823529411765,"6":720.9302325581394,"7":953.4883720930233,"8":1392.156862745098,"9":1980.3921568627452,"10":953.4883720930233,"11":348.8372093023256,"12":348.8372093023256,"13":431.37254901960785,"14":980.3921568627451,"34":465.1162790697674,"35":418.60465116279073,"36":372.09302325581393,"37":488.3720930232558,"38":372.09302325581393,"39":418.60465116279073,"50":725.4901960784314,"51":1196.078431372549,"52":953.4883720930233,"53":725.4901960784314,"54":1196.078431372549,"55":953.4883720930233,"63":1176.4705882352941,"73":725.4901960784314,"74":1196.078431372549,"84":1098.0392156862747},"8":{"2":1186.0465116279072,"3":1549.0196078431372,"4":705.8823529411765,"5":720.9302325581394,"11":348.8372093023256,"12":348.8372093023256,"13":431.37254901960785,"14":980.3921568627451,"26":1549.0196078431372,"27":720.9302325581394,"28":921.5686274509803,"34":465.1162790697674,"35":418.60465116279073,"36":372.09302325581393,"37":488.3720930232558,"38":372.09302325581393,"39":418.60465116279073,"79":1666.6666666666667},"9":{"3":921.5686274509803,"4":705.8823529411765,"6":720.9302325581394,"7":883.7209302325582,"8":1511.6279069767443,"9":1803.921568627451,"10":1196.078431372549,"11":348.8372093023256,"12":348.8372093023256,"13":431.37254901960785,"14":980.3921568627451,"34":465.1162790697674,"35":418.60465116279073,"36":372.09302325581393,"37":488.3720930232558,"38":372.09302325581393,"39":418.60465116279073,"56":647.0588235294118,"57":1372.549019607843,"58":725.4901960784314,"59":647.0588235294118,"60":1372.549019607843,"61":725.4901960784314,"64":1176.4705882352941,"75":647.0588235294118,"76":1372.549019607843,"85":980.3921568627451}},"1":{"2":{"2":1106.3829787234042,"3":1468.0851063829787,"4":744.6808510638298,"5":659.5744680851063,"11":319.1489361702128,"12":319.1489361702128,"13":319.1489361702128,"14":1063.8297872340424,"15":531.9148936170212,"16":1468.0851063829787,"17":1446.808510638298,"18":1872.340425531915,"19":2148.9361702127662,"20":1723.404255319149,"21":1489.3617021276596,"22":1276.595744680851,"23":1212.7659574468087,"24":1063.8297872340424,"25":1404.2553191489362,"26":1468.0851063829787,"27":659.5744680851063,"28":1000,"31":1468.0851063829787,"32":702.1276595744681,"33":531.9148936170212,"34":446.80851063829783,"35":382.97872340425533,"36":340.4255319148936,"37":446.80851063829783,"38":340.4255319148936,"39":382.97872340425533,"40":1000,"41":1000,"42":914.8936170212766,"43":1276.595744680851,"65":617.0212765957447,"66":957.4468085106383,"67":872.3404255319149,"68":1382.9787234042553,"69":1276.595744680851,"70":1276.595744680851,"77":1276.595744680851,"78":829.7872340425532,"79":1808.5106382978724},"3":{"3":1000,"4":744.6808510638298,"6":659.5744680851063,"7":617.0212765957447,"8":1021.2765957446808,"9":1425.5319148936169,"10":872.3404255319149,"11":319.1489361702128,"12":319.1489361702128,"13":319.1489361702128,"14":1063.8297872340424,"34":446.80851063829783,"35":382.97872340425533,"36":340.4255319148936,"37":446.80851063829783,"38":340.4255319148936,"39":382.97872340425533},"4":{"2":1106.3829787234042,"3":1468.0851063829787,"4":744.6808510638298,"5":659.5744680851063,"11":319.1489361702128,"12":319.1489361702128,"13":319.1489361702128,"14":1063.8297872340424,"26":1468.0851063829787,"27":659.5744680851063,"28":1000,"34":446.80851063829783,"35":382.97872340425533,"36":340.4255319148936,"37":446.80851063829783,"38":340.4255319148936,"39":382.97872340425533,"79":1808.5106382978724},"5":{"3":1000,"4":744.6808510638298,"6":659.5744680851063,"7":680.8510638297872,"8":1148.936170212766,"9":1617.0212765957447,"10":1127.659574468085,"11":319.1489361702128,"12":319.1489361702128,"13":319.1489361702128,"14":1063.8297872340424,"34":446.80851063829783,"35":382.97872340425533,"36":340.4255319148936,"37":446.80851063829783,"38":340.4255319148936,"39":382.97872340425533,"44":702.1276595744681,"45":1404.2553191489362,"46":787.2340425531916,"47":702.1276595744681,"48":1404.2553191489362,"49":787.2340425531916,"62":1297.872340425532,"71":702.1276595744681,"72":1404.2553191489362,"83":1063.8297872340424},"6":{"2":1106.3829787234042,"3":1468.0851063829787,"4":744.6808510638298,"5":659.5744680851063,"11":319.1489361702128,"12":319.1489361702128,"13":319.1489361702128,"14":1063.8297872340424,"26":1468.0851063829787,"27":659.5744680851063,"28":1000,"34":446.80851063829783,"35":382.97872340425533,"36":340.4255319148936,"37":446.80851063829783,"38":340.4255319148936,"39":382.97872340425533,"79":1808.5106382978724},"7":{"3":1000,"4":744.6808510638298,"6":659.5744680851063,"7":553.1914893617021,"8":893.6170212765957,"9":1234.0425531914893,"10":914.8936170212766,"11":319.1489361702128,"12":319.1489361702128,"13":319.1489361702128,"14":1063.8297872340424,"34":446.80851063829783,"35":382.97872340425533,"36":340.4255319148936,"37":446.80851063829783,"38":340.4255319148936,"39":382.97872340425533,"50":617.0212765957447,"51":1489.3617021276596,"52":702.1276595744681,"53":617.0212765957447,"54":1489.3617021276596,"55":702.1276595744681,"63":1297.872340425532,"73":617.0212765957447,"74":1489.3617021276596,"84":936.1702127659574},